PBK97200_pass_barcode10.fastq.gz - polya	X	1	2	3	4	5	6	7	8	9	10	5000	10000	15000	20000	25000	30000	35000	40000	45000	50000	55000	60000	65000	70000	75000	80000	85000	90000	95000	100000	105000	110000	115000	120000	125000	130000	135000	140000	145000	150000	155000	160000	165000	170000	175000	180000	185000	190000	195000	200000	205000
PBK97200_pass_barcode10.fastq.gz - polya	Y	0.005835850979300686	0.006284762593093046	0.006284762593093046	0.006284762593093046	0.006284762593093046	0.006733674206885407	0.006733674206885407	0.006733674206885407	0.008978232275847209	0.0837232754437377	0.18214687490180595	0.2174894169087028	0.22737516890298784	0.22876535838856893	0.22894492303408415	0.22894492303408415	0.22894492303408415	0.22894492303408415	0.22894492303408415	0.22894492303408415	0.22894492303408415	0.22894492303408415	0.22894492303408415	0.22894492303408415	0.22894492303408415	0.22894492303408415	0.22894492303408415	0.22894492303408415	0.22894492303408415	0.22894492303408415	0.22894492303408415	0.22894492303408415	0.22894492303408415	0.22894492303408415	0.22894492303408415	0.22894492303408415	0.22894492303408415	0.22894492303408415	0.22894492303408415	0.22894492303408415	0.22894492303408415	0.22894492303408415	0.22894492303408415	0.22894492303408415	0.22894492303408415	0.22894492303408415	0.22894492303408415	0.22894492303408415	0.22894492303408415	0.22894492303408415	0.22894492303410593
SRR11909877_1.fastq.gz - polya	X	1	2	3	4	5	6	7	8	9	10	1000	2000	3000	4000	5000	6000	7000	8000	9000	10000	11000	12000	13000	14000	15000	16000	17000	18000	19000	20000	21000	22000	23000	24000	25000	26000	27000	28000	29000	30000	31000	32000	33000	34000	35000	36000	37000	38000	39000	40000	41000	42000	43000	44000	45000	46000	47000	48000	49000	50000	51000	52000	53000	54000	55000
SRR11909877_1.fastq.gz - polya	Y	0.001056127918213454	0.001056127918213454	0.0015841918773201811	0.0015841918773201811	0.0015841918773201811	0.0015841918773201811	0.0015841918773201811	0.0015841918773201811	0.0015841918773201811	0.04239926873276226	0.11060088397906744	0.16974774384673516	0.22855664278057355	0.2768597092479872	0.3140723764462357	0.355788901151707	0.3965728649053953	0.42616398498185937	0.4445295214156368	0.4618721979606145	0.47495762286728777	0.48308135881417613	0.4883514371260729	0.4948413431834873	0.4975439745261978	0.4989987907335409	0.4999957754883311	0.5006669447803588	0.5011326971922924	0.501633301825526	0.5016607611513996	0.5016607611513996	0.5016607611513996	0.5016607611513996	0.50190947927614	0.5021888251105081	0.5021888251105081	0.5021888251105081	0.5021888251105081	0.5021888251105081	0.5021888251105081	0.5021888251105081	0.5021888251105081	0.5021888251105081	0.5021888251105081	0.5021888251105081	0.5021888251105081	0.5021888251105081	0.5021888251105081	0.5021888251105081	0.5021888251105081	0.5021888251105081	0.5023921297347652	0.5027168890696172	0.5027168890696172	0.5027168890696172	0.5027168890696172	0.5027168890696172	0.5027168890696172	0.5027168890696172	0.5027168890696172	0.5027168890696172	0.5027168890696172	0.5027168890696172	0.5027168890696035
barcode01.fastq.gz - illumina_universal_adapter	X	1	2	3	4	5	6	7	8	9	10	5000	10000	15000	20000	25000	30000	35000	40000	45000	50000	55000	60000	65000	70000	75000	80000	85000	90000	95000	100000	105000	110000	115000	120000	125000	130000	135000	140000	145000
barcode01.fastq.gz - illumina_universal_adapter	Y	0	0	0	0	0	0	0	0	0	0.027895140613634583	0.06790057224606667	0.09974438273163165	0.12151035092148993	0.13695994277539353	0.1532129933518502	0.16018682150972513	0.16349596061599764	0.16856622906672244	0.17146343515946727	0.1724928469241826	0.17461920390473995	0.17706534545149244	0.17777497265001166	0.17777497265001166	0.17777497265001166	0.17777497265001166	0.17777497265001166	0.17777497265001166	0.17777497265001166	0.17777497265001166	0.17777497265001166	0.17777497265001166	0.17777497265001166	0.17777497265001166	0.17777497265001166	0.17777497265001166	0.17777497265001166	0.17777497265001166	0.17777497265001038
barcode01.fastq.gz - polya	X	1	2	3	4	5	6	7	8	9	10	5000	10000	15000	20000	25000	30000	35000	40000	45000	50000	55000	60000	65000	70000	75000	80000	85000	90000	95000	100000	105000	110000	115000	120000	125000	130000	135000	140000	145000
barcode01.fastq.gz - polya	Y	0.09572498527307918	0.10203652276361189	0.11150382899941093	0.11781536648994362	0.12307498106538753	0.12412690398047631	0.12412690398047631	0.12412690398047631	0.12412690398047631	0.9042750990493965	2.229281115879832	3.124825591180638	3.7248554657914377	4.123580745602903	4.391080745602951	4.569960658083046	4.708472818311813	4.804740175040153	4.877059033913908	4.9322990827231825	4.969072624758086	4.9910018513839765	5.00449739123101	5.015625473365529	5.0214415551630145	5.026823192796357	5.034220525120252	5.035554994530408	5.037120045442824	5.03765884035988	5.03765884035988	5.03765884035988	5.038410334090578	5.038710763275045	5.038710763275045	5.038710763275045	5.038710763275045	5.038710763275045	5.038710763275462
barcode01.fastq.gz - polyg	X	1	2	3	4	5	6	7	8	9	10	5000	10000	15000	20000	25000	30000	35000	40000	45000	50000	55000	60000	65000	70000	75000	80000	85000	90000	95000	100000	105000	110000	115000	120000	125000	130000	135000	140000	145000
barcode01.fastq.gz - polyg	Y	0.0010519229150887824	0.0010519229150887824	0.0010519229150887824	0.0010519229150887824	0.0010519229150887824	0.0010519229150887824	0.0010519229150887824	0.0010519229150887824	0.0010519229150887824	0.14648690632126868	0.40152549861145814	0.583348060254142	0.704616679289743	0.7956404106706855	0.857404906168472	0.9024295211647017	0.9348611461752202	0.958351847176625	0.9711308171337485	0.9780650929900335	0.9849720188504416	0.992525877303722	0.9959090717833018	0.998688883278675	0.9998994361692796	1.00178027434163	1.0036329209795132	1.005505974922212	1.0056383068249302	1.0056383068249302	1.0056383068249302	1.0056383068249302	1.0056383068249302	1.0056383068249302	1.0056383068249302	1.0056383068249302	1.0056383068249302	1.0056383068249302	1.0056383068249157
